model,balanced_accuracy_mean,balanced_accuracy_std,mae_mean,mae_std
Histogram Gradient Boosting,1.0,0.0,0.9728523664008514,0.028678510661106233
Random Forest,1.0,0.0,0.9573638219376844,0.02907911472468566
Neural Network (MLP),0.9991158575939679,0.0002960912603613277,0.9591707076215333,0.06897244125615724
