model,balanced_accuracy_mean,balanced_accuracy_std,mae_mean,mae_std
Histogram Gradient Boosting,1.0,0.0,0.9841437160731273,0.034301178845270605
Random Forest,1.0,0.0,0.9717436610169309,0.037124873060407335
Neural Network (MLP),0.9989253603024677,0.00047848562284847387,1.0018329792001899,0.08432380766157789
