model,balanced_accuracy_mean,balanced_accuracy_std,mae_mean,mae_std
Histogram Gradient Boosting,0.783383540110734,0.013948699382949764,1.0807874264781345,0.08619857559214326
XGBoost,0.7806166586735355,0.0197241326627398,1.0948512037513416,0.08816832529445838
