model,balanced_accuracy_mean,balanced_accuracy_std,mae_mean,mae_std
Histogram Gradient Boosting,0.7899551100152516,0.015350551995139685,1.0524037557025083,0.08904975929835802
XGBoost,0.7847537056429194,0.02063665314221983,1.067224484972661,0.08955666152278384
