model,balanced_accuracy_mean,balanced_accuracy_std,mae_mean,mae_std
Histogram Gradient Boosting,1.0,0.0,0.9995604950042137,0.05281821295156868
Random Forest,1.0,0.0,0.9983607784671625,0.023665075413679522
Neural Network (MLP),0.9990561350381689,0.0003564379365284607,1.0325161930075764,0.057873173840429976
