model,balanced_accuracy_mean,balanced_accuracy_std,mae_mean,mae_std
Histogram Gradient Boosting,1.0,0.0,0.9886170978284671,0.0379315498315292
Random Forest,1.0,0.0,0.9831001932709857,0.03807627765312404
Neural Network (MLP),0.999041727749662,0.0003589744911189038,0.9925414506145481,0.07322253685971433
