model,balanced_accuracy_mean,balanced_accuracy_std,mae_mean,mae_std
Histogram Gradient Boosting,0.7791593938997012,0.02033126688220133,1.0973572837274612,0.07515392373890234
XGBoost,0.7767845994263683,0.027775063729553653,1.101240564198224,0.08168226446889
