model,balanced_accuracy_mean,balanced_accuracy_std,mae_mean,mae_std
Histogram Gradient Boosting,1.0,0.0,0.9820209846928142,0.042467303739873515
Random Forest,1.0,0.0,0.976651043062791,0.039924316151552966
Neural Network (MLP),0.9989537689104613,0.00038221682458308806,1.0154264758253528,0.08103928865103412
