model,balanced_accuracy_mean,balanced_accuracy_std,mae_mean,mae_std
Histogram Gradient Boosting,0.7769463302211749,0.018974033608432386,1.0949658615629583,0.0781583525599972
XGBoost,0.7754205972666947,0.025719481818924955,1.0974219414589728,0.08194909397855991
