model,balanced_accuracy_mean,balanced_accuracy_std,mae_mean,mae_std
Histogram Gradient Boosting,1.0,0.0,0.9769630718089948,0.0333614105267188
Random Forest,1.0,0.0,0.9715785771164326,0.03818952223698715
Neural Network (MLP),0.9989863479846175,0.00042091727552374193,0.987548654352242,0.18426383698367055
