model,balanced_accuracy_mean,balanced_accuracy_std,mae_mean,mae_std
Histogram Gradient Boosting,0.7898793570136204,0.015211367230068473,1.058578354600041,0.08940005011680134
XGBoost,0.7883237966991846,0.018961338725511877,1.0694977495429285,0.09121569005908008
