model,balanced_accuracy_mean,balanced_accuracy_std,mae_mean,mae_std
Histogram Gradient Boosting,0.7792066984181548,0.020157386976666827,1.0953878511635418,0.08091198750306144
XGBoost,0.7751833968399896,0.027763654297116018,1.101360247996215,0.09298779311381543
