model,balanced_accuracy_mean,balanced_accuracy_std,mae_mean,mae_std
Histogram Gradient Boosting,1.0,0.0,0.9512604661683054,0.025596937394938915
Random Forest,1.0,0.0,0.9376088617151379,0.03417542903046348
Neural Network (MLP),0.999211829291515,0.0002836644605199111,0.9803651406708848,0.07030417469915454
