model,balanced_accuracy_mean,balanced_accuracy_std,mae_mean,mae_std
Histogram Gradient Boosting,1.0,0.0,1.0093001703267748,0.047533331548986105
Random Forest,1.0,0.0,1.003317883848993,0.020956708624856855
Neural Network (MLP),0.9990627233023668,0.0004966413758082858,1.0401555624428844,0.10183280671570143
