model,balanced_accuracy_mean,balanced_accuracy_std,mae_mean,mae_std
Histogram Gradient Boosting,1.0,0.0,0.9651846407556478,0.03126221898255567
Random Forest,1.0,0.0,0.9480136100202433,0.03560358606877075
Neural Network (MLP),0.999101435450403,0.00020564936403125118,0.963031593245427,0.08101097206150432
