model,balanced_accuracy_mean,balanced_accuracy_std,mae_mean,mae_std
Histogram Gradient Boosting,0.7799813884324482,0.020017348167206517,1.1066404363804352,0.0792780917687674
XGBoost,0.7797798328433126,0.023433950972775675,1.1184024224017708,0.09181088551293302
