model,balanced_accuracy_mean,balanced_accuracy_std,mae_mean,mae_std
Histogram Gradient Boosting,1.0,0.0,0.9976472108424949,0.03583656363032104
Random Forest,1.0,0.0,0.991430470892365,0.02471142954021863
Neural Network (MLP),0.998860862643713,0.0005068570825908921,1.018980412484221,0.09367647731155648
